{
    "camera_metadata": {
        "device": "Angetube 1080p",
        "resolution": [
            1920,
            1080
        ]
    },
    "intrinsic_matrix_K": [
        [
            1635.3659047120354,
            0.0,
            910.2172905277849
        ],
        [
            0.0,
            1634.5340276270063,
            534.5014545386337
        ],
        [
            0.0,
            0.0,
            1.0
        ]
    ],
    "distortion_coefficients_D": [
        0.06229018341691917,
        -0.20262854410908254,
        5.677072884542453e-05,
        0.0001852468082683757,
        0.17183597826192512
    ],
    "reprojection_error_rms": 0.6703636630342289
}