{
    "camera_metadata": {
        "device": "Angetube 1080p",
        "resolution": [
            1920,
            1080
        ]
    },
    "intrinsic_matrix_K": [
        [
            1635.3659026294872,
            0.0,
            910.2172939019362
        ],
        [
            0.0,
            1634.5340252730507,
            534.5014507052957
        ],
        [
            0.0,
            0.0,
            1.0
        ]
    ],
    "distortion_coefficients_D": [
        0.062290183083144345,
        -0.2026285499915052,
        5.677004846355109e-05,
        0.00018524727090207284,
        0.17183599242605282
    ],
    "reprojection_error_rms": 0.6703636630342278
}