{
    "camera_metadata": {
        "device": "Angetube 1080p",
        "resolution": [
            1920,
            1080
        ]
    },
    "intrinsic_matrix_K": [
        [
            1672.03917767571,
            0.0,
            952.9356769089503
        ],
        [
            0.0,
            1667.5377275346611,
            553.771894343379
        ],
        [
            0.0,
            0.0,
            1.0
        ]
    ],
    "distortion_coefficients_D": [
        0.18389879425551317,
        -0.780722683172806,
        0.0022484952382121545,
        0.007496550903180392,
        1.1537696357694027
    ],
    "reprojection_error_rms": 0.9600523313177161
}